recipe;tag
Chicken Caesar Salad;main course
Chicken Caesar Salad;easy
Double Chocolate Cookies;vegetarian
Double Chocolate Cookies;dessert
Double Chocolate Cookies;sweets
Chipotle Grilled Tofu;vegan
Chipotle Grilled Tofu;vegetarian
Chipotle Grilled Tofu;lactose free
Chipotle Grilled Tofu;gluten free
Chipotle Grilled Tofu;starter
Soy Sauce Fried Rice;vegan
Soy Sauce Fried Rice;vegetarian
Soy Sauce Fried Rice;lactose free
Soy Sauce Fried Rice;main course
Coconut Mango Passion Fruit Trifle;vegetarian
Coconut Mango Passion Fruit Trifle;vegan
Coconut Mango Passion Fruit Trifle;lactose free
Coconut Mango Passion Fruit Trifle;dessert
Coconut Mango Passion Fruit Trifle;sweets